-- phpMyAdmin SQL Dump
-- version 4.6.4
-- https://www.phpmyadmin.net/
--
-- Host: 127.0.0.1
-- Generation Time: Apr 26, 2017 at 01:11 AM
-- Server version: 5.7.14
-- PHP Version: 5.6.25

SET SQL_MODE = "NO_AUTO_VALUE_ON_ZERO";
SET time_zone = "+00:00";


/*!40101 SET @OLD_CHARACTER_SET_CLIENT=@@CHARACTER_SET_CLIENT */;
/*!40101 SET @OLD_CHARACTER_SET_RESULTS=@@CHARACTER_SET_RESULTS */;
/*!40101 SET @OLD_COLLATION_CONNECTION=@@COLLATION_CONNECTION */;
/*!40101 SET NAMES utf8mb4 */;

--
-- Database: `blockblaster`
--

-- --------------------------------------------------------

--
-- Table structure for table `actor_pelicula`
--

CREATE TABLE `actor_pelicula` (
  `ID_AP` int(11) NOT NULL,
  `ID_PELICULA` int(11) NOT NULL,
  `ID_PERSONAJE` int(11) NOT NULL
) ENGINE=InnoDB DEFAULT CHARSET=latin1;

--
-- Dumping data for table `actor_pelicula`
--

INSERT INTO `actor_pelicula` (`ID_AP`, `ID_PELICULA`, `ID_PERSONAJE`) VALUES
(1, 1, 2),
(2, 1, 3),
(3, 2, 5),
(4, 3, 6),
(5, 4, 8),
(6, 5, 10),
(7, 6, 11),
(8, 7, 13),
(9, 8, 15),
(10, 8, 16),
(11, 8, 17),
(12, 9, 19),
(13, 9, 20),
(14, 10, 22),
(15, 11, 25),
(16, 11, 26),
(17, 12, 28),
(18, 13, 19),
(19, 13, 30),
(20, 14, 32),
(30, 18, 41),
(31, 18, 41),
(32, 18, 41),
(33, 19, 49),
(34, 19, 49),
(35, 19, 49),
(36, 20, 37),
(37, 20, 38),
(38, 20, 39),
(39, 21, 33),
(40, 21, 34),
(41, 21, 35),
(42, 22, 61),
(43, 22, 62),
(44, 22, 63),
(45, 23, 65),
(46, 23, 66),
(47, 23, 67),
(48, 24, 69),
(49, 24, 70),
(50, 24, 71),
(51, 25, 19),
(52, 25, 74),
(53, 25, 75),
(54, 26, 19),
(55, 26, 78),
(56, 26, 79),
(57, 27, 81),
(58, 27, 82),
(59, 27, 19),
(60, 28, 85),
(61, 28, 86),
(62, 28, 87);

-- --------------------------------------------------------

--
-- Table structure for table `director_pelicula`
--

CREATE TABLE `director_pelicula` (
  `ID_DP` int(11) NOT NULL,
  `ID_PELICULA` int(11) NOT NULL,
  `ID_PERSONAJE` int(11) NOT NULL
) ENGINE=InnoDB DEFAULT CHARSET=latin1;

--
-- Dumping data for table `director_pelicula`
--

INSERT INTO `director_pelicula` (`ID_DP`, `ID_PELICULA`, `ID_PERSONAJE`) VALUES
(1, 1, 1),
(2, 2, 4),
(3, 3, 6),
(4, 4, 7),
(5, 5, 9),
(6, 6, 12),
(7, 7, 14),
(8, 8, 18),
(9, 9, 21),
(10, 10, 23),
(11, 11, 27),
(12, 12, 29),
(13, 13, 31),
(14, 14, 32),
(20, 20, 40),
(21, 21, 36),
(22, 22, 64),
(23, 23, 1),
(24, 24, 31),
(25, 25, 76),
(26, 26, 1),
(27, 27, 84),
(28, 28, 88);

-- --------------------------------------------------------

--
-- Table structure for table `genero`
--

CREATE TABLE `genero` (
  `ID_GENERO` int(11) NOT NULL,
  `NOMBRE` varchar(20) DEFAULT NULL,
  `VISTO` int(11) NOT NULL DEFAULT '0'
) ENGINE=InnoDB DEFAULT CHARSET=latin1;

--
-- Dumping data for table `genero`
--

INSERT INTO `genero` (`ID_GENERO`, `NOMBRE`, `VISTO`) VALUES
(1, 'Action', 5),
(2, 'Fantasy', 0),
(3, 'Horror', 0),
(4, 'Mystery', 0),
(5, 'War', 0),
(6, 'Adventure', 2),
(7, 'Sci-Fi', 0),
(8, 'Thriller', 2),
(9, 'Drama', 13),
(10, 'Romance', 3),
(11, 'Sport', 0),
(12, 'Biography', 0),
(13, 'History', 4),
(14, 'Comedy', 1),
(15, 'Crime', 2),
(16, 'Family', 0),
(17, 'Music', 0),
(18, 'Musical', 0),
(19, 'Western ', 0),
(20, 'Animation', 0);

-- --------------------------------------------------------

--
-- Table structure for table `genero_pelicula`
--

CREATE TABLE `genero_pelicula` (
  `ID_GP` int(11) NOT NULL,
  `ID_GENERO` int(11) NOT NULL,
  `ID_PELICULA` int(11) NOT NULL
) ENGINE=InnoDB DEFAULT CHARSET=latin1;

--
-- Dumping data for table `genero_pelicula`
--

INSERT INTO `genero_pelicula` (`ID_GP`, `ID_GENERO`, `ID_PELICULA`) VALUES
(1, 9, 1),
(2, 9, 3),
(3, 9, 2),
(4, 13, 4),
(5, 14, 6),
(6, 10, 7),
(7, 8, 8),
(8, 9, 8),
(9, 9, 7),
(10, 15, 9),
(11, 9, 9),
(12, 8, 9),
(13, 9, 10),
(14, 6, 11),
(15, 2, 6),
(16, 1, 12),
(17, 6, 12),
(18, 9, 12),
(19, 10, 13),
(20, 13, 14),
(26, 9, 20),
(27, 8, 21),
(28, 2, 22),
(29, 9, 23),
(30, 2, 24),
(31, 10, 25),
(32, 19, 26),
(33, 19, 27),
(34, 7, 28);

-- --------------------------------------------------------

--
-- Table structure for table `peliculas`
--

CREATE TABLE `peliculas` (
  `ID_PELICULA` int(11) NOT NULL,
  `NOMBRE` varchar(50) NOT NULL,
  `PAIS` varchar(50) NOT NULL,
  `YEAR` varchar(10) NOT NULL,
  `DESCRIPCION` blob NOT NULL,
  `DURACION` int(11) NOT NULL,
  `LINK` blob NOT NULL,
  `IMG` text NOT NULL
) ENGINE=InnoDB DEFAULT CHARSET=latin1;

--
-- Dumping data for table `peliculas`
--

INSERT INTO `peliculas` (`ID_PELICULA`, `NOMBRE`, `PAIS`, `YEAR`, `DESCRIPCION`, `DURACION`, `LINK`, `IMG`) VALUES
(1, 'Birdman o (La inesperada virtud de la ignorancia)', 'Estados Unidos', '2014', 0x426972646d616e206f72202854686520556e657870656374656420566972747565206f662049676e6f72616e6365292028656e2065737061c3b16f6c2c20426972646d616e206f206c6120696e657370657261646120766972747564206465206c612069676e6f72616e6369612920657320756e612070656cc3ad63756c612065737461646f756e6964656e73652064652068756d6f72206e6567726f20646972696769646120706f7220416c656a616e64726f20476f6e7ac3a16c657a2049c3b1c3a1727269747520792070726f7461676f6e697a61646120706f72204d69636861656c204b6561746f6e2c20456d6d612053746f6e652c20456477617264204e6f72746f6e2c20416e647265612052697365626f726f7567682c205a6163682047616c696669616e616b69732c204e616f6d69205761747473207920416d79205279616e2e, 119, 0x656d6265642f374774525037506971776f, 'images/1.jpg'),
(2, '12 años de esclavitud', 'Estados Unidos', '2013', 0x31322061c3b16f73206465206573636c6176697475642073652065737472656ec3b320656e20656c20466573746976616c2064652043696e652064652054656c6c757269646520656c2033302064652061676f73746f2064652032303133207920686120726563696269646f206372c3ad74696361732067656e6572616c6d656e746520706f73697469766173206465206c6f7320657370656369616c69737461732e20537520646562757420656e206c6f732063696e65732065737461646f756e6964656e7365732066756520656c203138206465206f63747562726520646520323031332c206d69656e747261732071756520656e205265696e6f20556e69646f2066756520656c20313020646520656e65726f20646520323031342e, 134, 0x656d6265642f384d734554765159465a38, 'images/2.jpg'),
(3, 'Argo', 'Estados Unidos', '2012', 0x4172676f20657320756e612070656cc3ad63756c612064652073757370656e73652065737461646f756e6964656e73652064656c2061c3b16f20323031323220646972696769646120706f722042656e204166666c65636b2c2067616e61646f72612064656c20c393736361722061206c61206d656a6f722070656cc3ad63756c612e20457320756e61206472616d6174697a616369c3b36e206465206c61207061727469636970616369c3b36e2064656c20656e746f6e636573206167656e7465206465206c612043494120546f6e79204d656e64657a20656e20656c2068697374c3b37269636f20726573636174652064652073656973206469706c6f6dc3a17469636f73206465206c6f732045737461646f7320556e69646f7320647572616e7465206c6f73207072696d65726f73206d65736573206465206c6120637269736973206465206c6f7320726568656e657320656e204972c3a16e2c2073756365736f20636f6e6f6369646f20636f6d6f2043616e616469616e2043617065722e, 120, 0x656d6265642f727548316e4151686a4930, 'images/3.jpg'),
(4, 'El discurso del rey', 'Reino Unido', '2010', 0x456c20646973637572736f2064656c2072657920e2809474c3ad74756c6f206f726967696e616c3a20546865204b696e67277320537065656368e2809420657320756e612070656cc3ad63756c612062726974c3a16e696361206465203230313020646972696769646120706f7220546f6d20486f6f7065722061207061727469722064656c206775696f6e206573637269746f20706f7220446176696420536569646c65722e2050657274656e6563652061206c6f732067c3a96e65726f73206472616dc3a17469636f20652068697374c3b37269636f2e204c61207472616d61206769726120656e20746f726e6f20616c206475717565204a6f72676520646520596f726b20717569656e2c20706172612076656e636572206c612074617274616d7564657a2c20616375646520616c20666f6e6f61756469c3b36c6f676f206175737472616c69616e6f204c696f6e656c204c6f6775652e, 118, 0x656d6265642f6a434f58634e525775424d, 'images/4.jpg'),
(5, 'Zona de miedo', 'Estados Unidos', '2008', 0x5468652048757274204c6f636b65722028746974756c61646120456e2074696572726120686f7374696c20656e2045737061c3b1612079205a6f6e61206465206d6965646f206f20566976697220616c206cc3ad6d69746520656e2048697370616e6f616dc3a9726963612920657320756e612070656cc3ad63756c612065737461646f756e6964656e736520646520323030382c20646972696769646120706f72204b61746872796e20426967656c6f772079206573637269746120706f72204d61726b20426f616c2e2050726f7461676f6e697a61646120706f72204a6572656d792052656e6e65722c20416e74686f6e79204d61636b6965207920427269616e2047657261676874792c2072656c61746120656c2064c3ad6120612064c3ad6120646520756e6120627269676164612065737461646f756e6964656e736520646520617274696669636965726f7320646573706c656761646120656e204972616b2e, 131, 0x656d6265642f416a346f46743844535277, 'images/5.jpg'),
(6, 'El Artista', 'Francia', '2011', 0x5468652041727469737420e28094636f6e6f6369646120636f6d6f20456c206172746973746120656e2048697370616e6f616dc3a972696361e2809420657320756e612070656cc3ad63756c61206672616e636573616e62203120322033203420352036206465206472616d61207920636f6d6564696120726f6dc3a16e7469636120656e20656c20657374696c6f20646520756e612070656cc3ad63756c61206d75646120656e20626c616e636f2079206e6567726f2e37203820392031302045736372697461207920646972696769646120706f72204d696368656c2048617a616e617669636975732c20657374c3a12070726f7461676f6e697a61646120706f72204a65616e2044756a617264696e20792042c3a972c3a96e6963652042656a6f2e20, 100, 0x656d6265642f6849386945595042677149, 'images/6.jpg'),
(7, '¿Quién quiere ser millonario?', 'Reino Unido', '2008', 0x536c756d646f67204d696c6c696f6e616972652028746974756c61646120c2bf517569c3a96e2071756965726520736572206d696c6c6f6e6172696f3f20656e2048697370616e6f616dc3a9726963612920657320756e612070656cc3ad63756c6120496e64696f2d62726974c3a16e6963612064656c20323030382c20646972696769646120706f722044616e6e7920426f796c652079206573637269746120706f722053696d6f6e2042656175666f792c2067616e61646f72612064652038205072656d696f7320c393736361722e204c612070656cc3ad63756c6120657374c3a12062617361646120656e206c61206e6f76656c6120c2bf51756965726520736572206d696c6c6f6e6172696f3f202874c3ad74756c6f206f726967696e616c3a205120262041292c2064656c206573637269746f722079206469706c6f6dc3a17469636f20696e64696f2056696b6173205377617275702e, 120, 0x656d6265642f59357a5479687264576334, 'images/7.jpg'),
(8, 'Sin lugar para los débiles', 'Estados Unidos', '2007', 0x204c612070656cc3ad63756c612065732070726f7461676f6e697a61646120706f7220546f6d6d79204c6565204a6f6e65732c204a61766965722042617264656d2079204a6f73682042726f6c696e2079206e61727261206c6120686973746f72696120646520756e20686f6d6272652071756520736520746f706120636f6e20756e6120666f7274756e6120717565206e6f206c652070657274656e6563652c206c6f2071756520726573756c746120656e20756e206472616d612071756520656e7472656c617a61206c6f732063616d696e6f73206465207472657320686f6d6272657320656e20656c20646573c3a9727469636f2070616973616a652064656c206f6573746520646520546578617320656e206c6f732061c3b16f7320313938302e, 122, 0x656d6265642f3338415f5f5754332d6f30, 'images/8.jpg'),
(9, 'Los infiltrados', 'Estados Unidos', '2006', 0x20546865204465706172746564206675652067616e61646f72612064656c205072656d696f20c393736361722061206c61206d656a6f722070656cc3ad63756c6120656e206c6120656e7472656761206ec3ba6d65726f203739206465206c6f73207072656d696f73206465206c612041636164656d6961206465206c61732041727465732079206c6173204369656e636961732043696e656d61746f6772c3a166696361732e204d617274696e2053636f727365736520726563696269c3b320656c20c3937363617220616c206d656a6f72206469726563746f722c205468656c6d61205363686f6f6e6d616b657220656c20c3937363617220616c206d656a6f72206d6f6e74616a6520792057696c6c69616d204d6f6e6168616e20656c20c3937363617220616c206d656a6f7220677569c3b36e20616461707461646f2c20746f646f7320706f722073752072657370656374697661206c61626f7220656e20657374652066696c6d652e, 151, 0x656d6265642f6e35476f4b664169366e4d, 'images/9.jpg'),
(10, 'Crash (Alto impacto)', 'Estados Unidos', '2004', 0x2050726f7461676f6e697a61646120706f7220756e207265706172746f20636f72616c20656e20656c2071756520646573746163616e206e6f6d6272657320636f6d6f20446f6e2043686561646c652c2054657272656e636520486f776172642c205279616e205068696c6c697070652c204d6174742044696c6c6f6e2c205468616e646965204e6577746f6e2c20436872697320427269646765732c2053616e6472612042756c6c6f636b2079204272656e64616e204672617365722e20526573756c74c3b32067616e61646f72612064652074726573205072656d696f7320c3937363617220656e206c61206564696369c3b36e20646520323030352c20696e636c7579656e646f20656c20c393736361722061206c61206d656a6f722070656cc3ad63756c612c20c3937363617220616c206d656a6f72206775696f6e206f726967696e616c207920c3937363617220616c206d656a6f72206d6f6e74616a652e, 112, 0x656d6265642f6475724e776539704c3045, 'images/10.jpg'),
(11, 'El Señor de los Anillos: el retorno del Rey', 'Estados Unidos', '2003', 0x204573206c6120746572636572612070656cc3ad63756c61206465206c61207472696c6f67c3ad612063696e656d61746f6772c3a16669636120646520456c207365c3b16f72206465206c6f7320616e696c6c6f732c20646972696769646120706f72205065746572204a61636b736f6e20792062617361646120656e206c612074657263657261207061727465206465206c61206f627261206465204a2e20522e20522e20546f6c6b69656e2c20456c207365c3b16f72206465206c6f7320416e696c6c6f732e205475766f20756e20707265737570756573746f206465203934206d696c6c6f6e65732064652064c3b36c6172657320792066756520726f646164612064656c203131206465206f637475627265206465203139393920616c2032322064652064696369656d62726520646520323030302e, 200, 0x656d6265642f6355757a332d5143673538, 'images/11.jpg'),
(12, 'El Gladiador', 'Estados Unidos', '2000', 0x43726f776520696e74657270726574612061204dc3a178696d6f2044c3a963696d6f204d65726964696f2c20756e206c65616c2067656e6572616c2068697370616e6f2064656c20656ac3a9726369746f206465206c6120416e746967756120526f6d612c20717565206573207472616963696f6e61646f20706f722043c3b36d6f646f2c20656c20616d626963696f736f2068696a6f2064656c20656d70657261646f722c20717569656e2068612061736573696e61646f2061207375207061647265207920736520686120686563686f20636f6e20656c2074726f6e6f2e20466f727a61646f206120636f6e766572746972736520656e206573636c61766f2c204dc3a178696d6f20747269756e666120636f6d6f20676c61646961646f72206d69656e7472617320616e68656c612076656e676172206c61206d75657274652064652073752066616d696c6961207920737520656d70657261646f722e, 155, 0x656d6265642f6f774b3171784473656c45, 'images/12.jpg'),
(13, 'Titanic', 'Estados Unidos', '1997', 0x546974616e696320657320756e612070656cc3ad63756c612065737461646f756e6964656e7365206472616dc3a1746963612d646520636174c3a17374726f666520646520313939372064697269676964612079206573637269746120706f72204a616d65732043616d65726f6e20792070726f7461676f6e697a61646120706f72204c656f6e6172646f20446943617072696f2c204b6174652057696e736c65742c2042696c6c79205a616e652c204b617468792042617465732c20476c6f7269612053747561727420792042696c6c20506178746f6e2e204c61207472616d612c20756e612065706f7065796120726f6dc3a16e746963612c3320342072656c617461206c612072656c616369c3b36e206465204a61636b20446177736f6e207920526f7365204465576974742042756b6174652e, 195, 0x656d6265642f5a51366b6c4f4e43713473, 'images/13.jpg'),
(14, 'Corazón valiente', 'Estados Unidos', '1995', 0x4272617665686561727420657320756e612070656cc3ad63756c612065737461646f756e6964656e73652068697374c3b3726963612d6472616dc3a17469636120646520313939352064697269676964612c2070726f64756369646120792070726f7461676f6e697a61646120706f72204d656c20476962736f6e2e204c612063696e746120c3a9706963612c2062617361646120656e206c6120766964612064652057696c6c69616d2057616c6c6163652c20756e2068c3a9726f65206e6163696f6e616c206573636f63c3a97320717565207061727469636970c3b320656e206c61205072696d6572612047756572726120646520496e646570656e64656e636961206465204573636f6369612c206675652067616e61646f72612064652063696e636f205072656d696f73206465206c612041636164656d69612c20696e636c7579656e646f20656c20c393736361722061206c61204d656a6f722070656cc3ad63756c612e, 177, 0x656d6265642f31636e6f4d384569474755, 'images/14.jpg'),
(20, 'El Cisne Negro', 'Estados Unidos', '2010', 0x4e696e6120284e6174616c696520506f72746d616e292c20756e61206272696c6c616e7465206261696c6172696e612071756520666f726d6120706172746520646520756e6120636f6d7061c3b1c3ad612064652062616c6c6574206465204e7565766120596f726b2c207669766520636f6d706c6574616d656e7465206162736f726269646120706f72206c612064616e7a612e204c61207072657369c3b36e20646520737520636f6e74726f6c61646f7261206d616472652028426172626172612048657273686579292c206c6120726976616c6964616420636f6e20737520636f6d7061c3b1657261204c696c7920284d696c61204b756e6973292079206c61732065786967656e636961732064656c2073657665726f206469726563746f72202856696e63656e742043617373656c29207365206972c3a16e20696e6372656d656e74616e646f2061206d6564696461207175652073652061636572636120656c2064c3ad612064656c2065737472656e6f2e20457374612074656e7369c3b36e2070726f766f636120656e204e696e6120756e2061676f74616d69656e746f206e657276696f736f207920756e6120636f6e66757369c3b36e206d656e74616c20717565206c6120696e63617061636974616e20706172612064697374696e6775697220656e747265207265616c696461642079206669636369c3b36e, 115, 0x656d6265642f356a614931584f422d6273, 'images/El Cisne Negro.jpg'),
(21, 'Los pajaros', 'Estados Unidos', '1963', 0x4d656c616e69652c20756e61206a6f76656e2072696361207920736e6f62206465206c6120616c746120736f6369656461642064652053616e204672616e636973636f2c20636f6e6f63652063617375616c6d656e746520656e20756e612070616a61726572c3ad6120616c2061626f6761646f204d69746368204272656e6e65722e20c3896c2c2071756520636f6e6f636520706f72206c61207072656e7361206c6120616c6f636164612076696461206465204d656c616e69652c206c6120747261746120636f6e20696e6469666572656e6369612079207365207661206465206c61207469656e64612064656ac3a16e646f6c612062617374616e74652069727269746164612e20456c6c612c20717565206e6f20657374c3a12061636f7374756d6272616461206120717565206c612074726174656e206173c3ad2c20656e636172676120756e6f732070657269717569746f7320792073652070726573656e746120656e206c612063617361206465206c61206d61647265206465204d697463682c20656e20426f64656761204261792e20456e206375616e746f206c6c6567612c206c6f732070c3a16a61726f732c20656e6c6f7175656369646f732c20656d7069657a616e2061206174616361722073616c76616a656d656e74652061206c6f73206861626974616e7465732064656c206c756761722e204c612073697475616369c3b36e207365206167726176612061206d656469646120717565206176616e7a616e206c617320686f7261732e20, 115, 0x656d6265642f52374a3657465659553859, 'images/Los pajaros.jpg'),
(22, 'El laberinto del fauno', 'España', '2006', 0x41c3b16f20313934342c20706f736775657272612065737061c3b16f6c612e204f66656c696120284976616e61204261717565726f292079207375206d616472652c204361726d656e202841726961646e612047696c292c2071756520736520656e6375656e74726120656e206176616e7a61646f2065737461646f2064652067657374616369c3b36e2c20736520747261736c6164616e206120756e207065717565c3b16f20707565626c6f20616c20717565206861207369646f2064657374696e61646f20656c206e7565766f206d617269646f206465204361726d656e2c20566964616c20285365726769204cc3b370657a292c20756e20637275656c206361706974c3a16e2064656c20656ac3a9726369746f206672616e71756973746120706f7220656c20717565206c61206e69c3b161206e6f207369656e7465206e696e67c3ba6e2061666563746f2e204c61206d697369c3b36e20646520566964616c2065732061636162617220636f6e206c6f7320c3ba6c74696d6f73206d69656d62726f73206465206c6120726573697374656e6369612072657075626c6963616e6120717565207065726d616e6563656e206573636f6e6469646f7320656e206c6f73206d6f6e746573206465206c61207a6f6e612e204f74726f7320706572736f6e616a657320736f6e3a204d6572636564657320284d61726962656c2056657264c3ba292c20656c20616d61206465206c6c617665732c207920656c206dc3a96469636f2028c3816c657820416e67756c6f292071756520736520686172c3a120636172676f2064656c2064656c696361646f2065737461646f2064652073616c7564206465204361726d656e2e20556e61206e6f6368652c204f66656c6961206465736375627265206c6173207275696e617320646520756e206c61626572696e746f2c207920616c6cc3ad20736520656e6375656e74726120636f6e20756e206661756e6f2028446f7567204a6f6e6573292c20756e61206578747261c3b16120637269617475726120717565206c65206861636520756e6120736f727072656e64656e746520726576656c616369c3b36e3a20656c6c6120657320656e207265616c6964616420756e61207072696e636573612c206c6120c3ba6c74696d6120646520737520657374697270652c2079206c6f73207375796f73206c61206573706572616e2064657364652068616365206d7563686f207469656d706f2e205061726120706f6465722072656772657361722061207375206dc3a16769636f207265696e6f2c206c61206e69c3b161206465626572c3a120656e6672656e7461727365206120747265732070727565626173, 112, 0x656d6265642f67704568344f3848623559, 'images/El laberinto del fauno.jpg'),
(23, 'Babel', 'Estados Unidos', '2006', 0x416d6269656e7461646120656e204d6172727565636f732c2054c3ba6e657a2c204dc3a97869636f2079204a6170c3b36e2e2041726d61646f7320636f6e20756e2057696e636865737465722c20646f73206d7563686163686f73206d6172726f7175c3ad65732073616c656e20656e2062757363612064656c2072656261c3b16f20646520636162726173206465206c612066616d696c69612e20456e206d6564696f2064656c2073696c656e63696f2064656c20646573696572746f2c206465636964656e2070726f62617220656c207269666c652c2073696e20636f6e6f63657220656c20616c63616e6365206465206c612062616c612e20456e20756e20696e7374616e74652c20656e7472616e20656e20636f6c697369c3b36e206c61732076696461732064652063756174726f20677275706f7320646520706572736f6e61732071756520766976656e20656e207472657320636f6e74696e656e7465732064697374696e746f732e, 142, 0x656d6265642f677a724872545661714a73, 'images/Babel.jpg'),
(24, 'Avatar', 'Estados Unidos', '2009', 0x41c3b16f20323135342e204a616b652053756c6c79202853616d20576f727468696e67746f6e292c20756e2065782d6d6172696e6520636f6e64656e61646f206120766976697220656e20756e612073696c6c61206465207275656461732c207369677565207369656e646f2c206120706573617220646520656c6c6f2c20756e20617574c3a96e7469636f20677565727265726f2e20507265636973616d656e746520706f7220656c6c6f206861207369646f2064657369676e61646f207061726120697220612050616e646f72612c20646f6e646520616c67756e617320656d70726573617320657374c3a16e20657874726179656e646f20756e206d696e6572616c206578747261c3b16f2071756520706f6472c3ad61207265736f6c766572206c612063726973697320656e657267c3a974696361206465206c61205469657272612e205061726120636f6e74726172726573746172206c6120746f78696369646164206465206c612061746dc3b373666572612064652050616e646f72612c2073652068612063726561646f20656c2070726f6772616d61204176617461722c206772616369617320616c206375616c206c6f732073657265732068756d616e6f73206d616e7469656e656e2073757320636f6e6369656e6369617320756e69646173206120756e206176617461723a20756e2063756572706f2062696f6cc3b36769636f20636f6e74726f6c61646f20646520666f726d612072656d6f74612071756520707565646520736f627265766976697220656e20656c2061697265206c6574616c2e2045736f732063756572706f732068616e207369646f2063726561646f7320636f6e2041444e2068756d616e6f2c206d657a636c61646f20636f6e2041444e206465206c6f73206e617469766f732064652050616e646f72612c206c6f73204e6176692e20436f6e7665727469646f20656e206176617461722c204a616b652070756564652063616d696e6172206f7472612076657a2e205375206d697369c3b36e20636f6e736973746520656e20696e66696c74726172736520656e747265206c6f73204e6176692c207175652073652068616e20636f6e7665727469646f20656e20656c206d61796f72206f627374c3a163756c6f2070617261206c61206578747261636369c3b36e2064656c206d696e6572616c2e205065726f206375616e646f204e6579746972692c20756e612062656c6c61204e61766920285a6f652053616c64616e61292c2073616c7661206c612076696461206465204a616b652c20746f646f2063616d6269613a204a616b652c20747261732073757065726172206369657274617320707275656261732c2065732061646d697469646f20656e20737520636c616e2e204d69656e747261732074616e746f2c206c6f7320686f6d62726573206573706572616e206c6f7320726573756c7461646f73206465206c61206d697369c3b36e206465204a616b652e20, 161, 0x656d6265642f3550534e4c317145365659, 'images/Avatar.jpg'),
(25, 'El Gran Gatsby', 'Australia', '2013', 0x4e7565766120596f726b2c2061c3b16f732032302e20456e206c6120616c746120736f636965646164206e6f727465616d65726963616e612c206c6c616d61206c61206174656e6369c3b36e206c612070726573656e636961206465204a6179204761747362792c20756e20686f6d627265206d6973746572696f736f206520696e6d656e73616d656e7465207269636f2c20616c2071756520746f646f7320636f6e7369646572616e20756e20616476656e6564697a6f2c206c6f20717565206e6f20696d70696465207175652061637564616e2061207375732066617374756f736173206669657374617320656e207375206772616e206d616e7369c3b36e206465204c6f6e672049736c616e642e204761747362792076697665206f62736573696f6e61646f20636f6e206c6120696465612064652072656375706572617220616c20616d6f72207175652064656ac3b320657363617061722061c3b16f7320617472c3a1732e205061726120656c6c6f20736520686172c3a120616d69676f20646520737520766563696e6f2072656369c3a96e206c6c656761646f2c20656c206a6f76656e204e69636b2043617272617761792e, 143, 0x656d6265642f6c514871764550436a6141, 'images/El Gran Gatsby.jpg'),
(26, 'El Renacido', 'Estados Unidos', '2015', 0x41c3b16f20313832332e20456e206c61732070726f66756e64696461646573206465206c6120416dc3a9726963612073616c76616a652c20656c206578706c6f7261646f72204875676820476c61737320284c656f6e6172646f20446943617072696f2920706172746963697061206a756e746f20612073752068696a6f206d657374697a6f204861776b20656e20756e61206578706564696369c3b36e206465207472616d7065726f7320717565207265636f6c65637461207069656c65732e20476c61737320726573756c74612067726176656d656e74652068657269646f20706f7220656c2061746171756520646520756e206f736f2079206573206162616e646f6e61646f20612073752073756572746520706f7220756e207472616963696f6e65726f206d69656d62726f2064652073752065717569706f2c204a6f686e204669747a676572616c642028546f6d204861726479292e20436f6e206c6120667565727a6120646520766f6c756e74616420636f6d6f20737520c3ba6e6963612061726d612c20476c617373206465626572c3a120656e6672656e7461727365206120756e207465727269746f72696f20686f7374696c2c206120756e20696e766965726e6f2062727574616c20792061206c612067756572726120636f6e7374616e746520656e747265206c617320747269627573206465206e617469766f7320616d65726963616e6f732c20656e20756e612062c3ba73717565646120696d706c616361626c65207061726120636f6e7365677569722076656e6761727365, 156, 0x656d6265642f37576a66304d6853642d30, 'images/El Renacido.jpg'),
(27, 'Django Desencadenado', 'Estados Unidos', '2012', 0x456e2054657861732c20646f732061c3b16f7320616e74657320646520657374616c6c6172206c612047756572726120436976696c20416d65726963616e612c204b696e6720536368756c747a20284368726973746f70682057616c747a292c20756e2063617a61727265636f6d70656e73617320616c656dc3a16e20717565207369677565206c61207069737461206120756e6f732061736573696e6f73207061726120636f6272617220706f722073757320636162657a61732c206c652070726f6d65746520616c206573636c61766f206e6567726f20446a616e676f20284a616d696520466f7878292064656a61726c6f20656e206c69626572746164207369206c65206179756461206120617472617061726c6f732e20c3896c206163657074612c2070756573206c7565676f207175696572652069722061206275736361722061207375206573706f73612042726f6f6d68696c646120284b657272792057617368696e67746f6e292c206573636c61766120656e20756e6120706c616e74616369c3b36e2064656c20746572726174656e69656e74652043616c76696e2043616e64696520284c656f6e6172646f20446943617072696f29, 165, 0x656d6265642f6555644d39767243626f77, 'images/Django Desencadenado.jpg'),
(28, 'Interestelar', 'Estados Unidos', '2014', 0x416c2076657220717565206c61207669646120656e206c612054696572726120657374c3a1206c6c6567616e646f20612073752066696e2c20756e20677275706f206465206578706c6f7261646f72657320646972696769646f7320706f7220656c2070696c6f746f20436f6f70657220284d63436f6e617567686579292079206c61206369656e74c3ad6669636120416d656c6961202848617468617761792920656d7072656e64656e20756e61206d697369c3b36e2071756520707565646520736572206c61206dc3a17320696d706f7274616e7465206465206c6120686973746f726961206465206c612068756d616e696461643a207669616a616e206dc3a17320616c6cc3a1206465206e7565737472612067616c61786961207061726120646573637562726972206f7472612071756520707565646120676172616e74697a617220656c2066757475726f206465206c612072617a612068756d616e61, 269, 0x656d6265642f686843744d686b3865486f, 'images/Interestelar.jpg');

-- --------------------------------------------------------

--
-- Table structure for table `personajes`
--

CREATE TABLE `personajes` (
  `ID` int(11) NOT NULL,
  `NOMBRE` varchar(50) NOT NULL
) ENGINE=InnoDB DEFAULT CHARSET=latin1;

--
-- Dumping data for table `personajes`
--

INSERT INTO `personajes` (`ID`, `NOMBRE`) VALUES
(1, 'Alejandro González Iñárritu'),
(2, 'Michael Keaton'),
(3, 'Zach Galifianakis'),
(4, 'Steve McQueen'),
(5, 'Chiwetel Ejiofor'),
(6, 'Ben Affleck'),
(7, 'Tom Hooper'),
(8, 'Colin Firth'),
(9, 'Kathryn Bigelow'),
(10, 'Jeremy Renner'),
(11, 'Jean Dujardin'),
(12, 'Michel Hazanavicius'),
(13, 'Dev Patel'),
(14, 'Danny Boyle'),
(15, 'Tommy Lee Jones'),
(16, 'Javier Bardem'),
(17, 'Josh Brolin'),
(18, 'Joel Coen'),
(19, 'Leonardo DiCaprio'),
(20, 'Matt Damon'),
(21, 'Martin Scorsese'),
(22, 'Don Cheadle'),
(23, 'Paul Haggis'),
(25, 'Elijah Wood'),
(26, 'Ian McKellen'),
(27, 'Peter Jackson'),
(28, ' Russell Crowe'),
(29, 'Ridley Scott'),
(30, 'Kate Winslet'),
(31, 'James Cameron'),
(32, 'Mel Gibson'),
(33, 'Tippi Hedren'),
(34, 'Rod Taylor'),
(35, 'Jessica Tandy'),
(36, 'Alfred Hitchcock'),
(37, 'Natalie Portman'),
(38, 'Mila Kunis'),
(39, 'Vincent Cassel'),
(40, 'Darren Aronofsky'),
(41, 'xxx'),
(42, 'xxx'),
(43, 'xxx'),
(44, 'xxx'),
(45, 'xxx'),
(46, 'xxx'),
(47, 'xxx'),
(48, 'xxx'),
(49, 'ccc'),
(50, 'ccc'),
(51, 'ccc'),
(52, 'ccc'),
(53, 'Natalie Portman'),
(54, 'Mila Kunis'),
(55, 'Vincent Cassel'),
(56, 'Darren Aronofsky'),
(57, 'Tippi Hedren'),
(58, 'Rod Taylor'),
(59, 'Jessica Tandy'),
(60, 'Alfred Hitchcock'),
(61, 'Ivana Baquero'),
(62, 'Sergi López'),
(63, ' Maribel Verdú'),
(64, 'Guillermo Del Toro'),
(65, 'Brad Pitt'),
(66, 'Cate Blanchett'),
(67, 'Gael Garcia Bernal'),
(68, 'Alejandro González Iñárritu'),
(69, 'Sam Worthington'),
(70, 'Zoe Saldana'),
(71, 'Sigourney Weaver'),
(72, 'James Cameron'),
(73, 'Leonardo DiCaprio'),
(74, ' Tobey Maguire'),
(75, ' Carey Mulligan'),
(76, 'Baz Luhrmann'),
(77, 'Leonardo DiCaprio'),
(78, 'Tom Hardy'),
(79, 'Domhnall Gleeson'),
(80, 'Alejandro González Iñárritu'),
(81, 'Jamie Foxx'),
(82, 'Christoph Waltz'),
(83, 'Leonardo DiCaprio'),
(84, 'Quentin Tarantino'),
(85, 'Matthew McConaughey'),
(86, 'Anne Hathaway'),
(87, 'David Gyasi'),
(88, 'Christopher Nolan');

-- --------------------------------------------------------

--
-- Table structure for table `premio`
--

CREATE TABLE `premio` (
  `ID_PREMIO` int(11) NOT NULL,
  `CATEGORIA` text NOT NULL
) ENGINE=InnoDB DEFAULT CHARSET=latin1;

--
-- Dumping data for table `premio`
--

INSERT INTO `premio` (`ID_PREMIO`, `CATEGORIA`) VALUES
(1, 'Mejor actor'),
(2, 'Mejor actriz'),
(3, 'Mejor director'),
(4, 'Mejor diseno de producción'),
(5, 'Mejor fotografía'),
(6, 'Mejor maquillaje y peinado'),
(7, 'Mejor guion adaptado'),
(8, 'Mejor película'),
(9, 'Mejor sonido'),
(10, 'Mejor cortometraje animado'),
(11, 'Mejor cortometraje de ficción'),
(12, 'Mejor canción original'),
(13, 'Mejor montaje'),
(14, 'Mejor actor de reparto'),
(15, 'Mejor actriz de reparto'),
(16, 'Mejores efectos visuales'),
(17, 'Mejor guion original'),
(18, 'Mejor documental corto'),
(19, 'Mejor documental largo'),
(20, 'Mejor película de habla no inglesa'),
(21, 'Mejor edición de sonido'),
(22, 'Mejor banda sonora');

-- --------------------------------------------------------

--
-- Table structure for table `premio_pelicula`
--

CREATE TABLE `premio_pelicula` (
  `ID_PP` int(11) NOT NULL,
  `ID_PELICULA` int(11) NOT NULL,
  `ID_PREMIO` int(11) NOT NULL
) ENGINE=InnoDB DEFAULT CHARSET=latin1;

--
-- Dumping data for table `premio_pelicula`
--

INSERT INTO `premio_pelicula` (`ID_PP`, `ID_PELICULA`, `ID_PREMIO`) VALUES
(1, 1, 8),
(2, 2, 8),
(3, 3, 8),
(4, 2, 15),
(5, 2, 7),
(6, 4, 8),
(7, 4, 3),
(8, 4, 1),
(9, 4, 17),
(10, 5, 8),
(11, 6, 8),
(12, 7, 8),
(13, 3, 7),
(14, 7, 7),
(15, 7, 22),
(16, 7, 12),
(17, 7, 5),
(18, 7, 13),
(19, 7, 21),
(20, 7, 9),
(21, 6, 3),
(22, 6, 1),
(23, 6, 22),
(24, 8, 8),
(25, 8, 1),
(26, 8, 3),
(27, 8, 7),
(28, 9, 8),
(29, 9, 3),
(30, 10, 8),
(31, 10, 3),
(32, 10, 13),
(33, 11, 3),
(34, 11, 7),
(35, 11, 6),
(36, 11, 22),
(37, 11, 9),
(38, 11, 16),
(39, 11, 13),
(40, 11, 8),
(41, 13, 1),
(42, 13, 2),
(43, 13, 3),
(44, 13, 4),
(45, 13, 5),
(46, 13, 6),
(47, 13, 7),
(48, 13, 8),
(49, 13, 9),
(50, 13, 10),
(51, 13, 11),
(52, 13, 12),
(53, 13, 13),
(54, 13, 14),
(55, 13, 15),
(56, 13, 16),
(57, 13, 17),
(58, 13, 18),
(59, 13, 19),
(60, 13, 20),
(61, 15, 4),
(62, 1, 3),
(63, 1, 7),
(64, 14, 5),
(65, 14, 3),
(66, 14, 6),
(67, 14, 9),
(68, 12, 5),
(69, 12, 1),
(70, 12, 4),
(71, 12, 9),
(72, 16, 2),
(74, 18, 1),
(75, 19, 1),
(76, 20, 2),
(77, 21, 4),
(78, 22, 5),
(79, 23, 9),
(80, 24, 5),
(81, 25, 19),
(82, 26, 1),
(83, 27, 14),
(84, 28, 4);

-- --------------------------------------------------------

--
-- Table structure for table `usuario`
--

CREATE TABLE `usuario` (
  `ID` int(11) NOT NULL,
  `NOMBRE` varchar(50) NOT NULL,
  `PASSWORD` varchar(8) NOT NULL,
  `TIPO` int(1) NOT NULL DEFAULT '0'
) ENGINE=InnoDB DEFAULT CHARSET=latin1;

--
-- Dumping data for table `usuario`
--

INSERT INTO `usuario` (`ID`, `NOMBRE`, `PASSWORD`, `TIPO`) VALUES
(1, 'luis', '123', 1),
(2, 'Julio', '12345', 1),
(3, 'Adrian', '12345', 1),
(4, 'Carlos', '12345', 0),
(5, 'Efrain', '12345', 0),
(6, 'Conrado', '123', 0);

--
-- Indexes for dumped tables
--

--
-- Indexes for table `actor_pelicula`
--
ALTER TABLE `actor_pelicula`
  ADD PRIMARY KEY (`ID_AP`);

--
-- Indexes for table `director_pelicula`
--
ALTER TABLE `director_pelicula`
  ADD PRIMARY KEY (`ID_DP`);

--
-- Indexes for table `genero`
--
ALTER TABLE `genero`
  ADD PRIMARY KEY (`ID_GENERO`);

--
-- Indexes for table `genero_pelicula`
--
ALTER TABLE `genero_pelicula`
  ADD PRIMARY KEY (`ID_GP`);

--
-- Indexes for table `peliculas`
--
ALTER TABLE `peliculas`
  ADD PRIMARY KEY (`ID_PELICULA`);

--
-- Indexes for table `personajes`
--
ALTER TABLE `personajes`
  ADD PRIMARY KEY (`ID`);

--
-- Indexes for table `premio`
--
ALTER TABLE `premio`
  ADD PRIMARY KEY (`ID_PREMIO`);

--
-- Indexes for table `premio_pelicula`
--
ALTER TABLE `premio_pelicula`
  ADD PRIMARY KEY (`ID_PP`);

--
-- Indexes for table `usuario`
--
ALTER TABLE `usuario`
  ADD PRIMARY KEY (`ID`);

--
-- AUTO_INCREMENT for dumped tables
--

--
-- AUTO_INCREMENT for table `actor_pelicula`
--
ALTER TABLE `actor_pelicula`
  MODIFY `ID_AP` int(11) NOT NULL AUTO_INCREMENT, AUTO_INCREMENT=63;
--
-- AUTO_INCREMENT for table `director_pelicula`
--
ALTER TABLE `director_pelicula`
  MODIFY `ID_DP` int(11) NOT NULL AUTO_INCREMENT, AUTO_INCREMENT=29;
--
-- AUTO_INCREMENT for table `genero`
--
ALTER TABLE `genero`
  MODIFY `ID_GENERO` int(11) NOT NULL AUTO_INCREMENT, AUTO_INCREMENT=21;
--
-- AUTO_INCREMENT for table `genero_pelicula`
--
ALTER TABLE `genero_pelicula`
  MODIFY `ID_GP` int(11) NOT NULL AUTO_INCREMENT, AUTO_INCREMENT=35;
--
-- AUTO_INCREMENT for table `peliculas`
--
ALTER TABLE `peliculas`
  MODIFY `ID_PELICULA` int(11) NOT NULL AUTO_INCREMENT, AUTO_INCREMENT=29;
--
-- AUTO_INCREMENT for table `personajes`
--
ALTER TABLE `personajes`
  MODIFY `ID` int(11) NOT NULL AUTO_INCREMENT, AUTO_INCREMENT=89;
--
-- AUTO_INCREMENT for table `premio_pelicula`
--
ALTER TABLE `premio_pelicula`
  MODIFY `ID_PP` int(11) NOT NULL AUTO_INCREMENT, AUTO_INCREMENT=85;
--
-- AUTO_INCREMENT for table `usuario`
--
ALTER TABLE `usuario`
  MODIFY `ID` int(11) NOT NULL AUTO_INCREMENT, AUTO_INCREMENT=7;
/*!40101 SET CHARACTER_SET_CLIENT=@OLD_CHARACTER_SET_CLIENT */;
/*!40101 SET CHARACTER_SET_RESULTS=@OLD_CHARACTER_SET_RESULTS */;
/*!40101 SET COLLATION_CONNECTION=@OLD_COLLATION_CONNECTION */;
